k,train_preserved_variance,test_preserved_variance,residual_entropy,train_mse,test_mse
1,0.319983,0.125245,404.273750,0.680017,0.751775
2,0.366629,0.156245,403.164532,0.633371,0.725133
4,0.433300,0.219559,393.176165,0.566700,0.670720
8,0.487245,0.263680,381.945061,0.512755,0.632802
16,0.517603,0.284723,372.104281,0.482397,0.614718
32,0.554257,0.307929,356.933932,0.445743,0.594774
