k,train_preserved_variance,test_preserved_variance,residual_entropy,train_mse,test_mse
1,0.260392,0.096024,406.735830,0.739608,0.776888
2,0.382294,0.180294,400.060278,0.617706,0.704465
4,0.428104,0.211020,394.767682,0.571896,0.678058
8,0.477078,0.258426,384.661530,0.522922,0.637317
16,0.520697,0.297687,368.627509,0.479303,0.603576
32,0.565376,0.318175,348.844139,0.434624,0.585968
