k,train_preserved_variance,test_preserved_variance,residual_entropy,train_mse,test_mse
1,0.282757,0.105992,405.910884,0.717243,0.768321
2,0.377925,0.154939,401.090591,0.622075,0.726255
4,0.431024,0.215935,393.695625,0.568976,0.673835
8,0.472908,0.238941,384.787276,0.527092,0.654063
16,0.511627,0.269165,373.587293,0.488373,0.628089
32,0.547074,0.288328,360.467788,0.452926,0.611619
