k,train_preserved_variance,test_preserved_variance,residual_entropy,train_mse,test_mse,train_kl
1,0.328905,0.144033,401.777965,0.671095,0.735628,5.600960
2,0.382465,0.183710,401.124650,0.617535,0.701529,11.630993
4,0.431845,0.218160,393.548780,0.568155,0.671923,20.724087
8,0.482062,0.262138,383.692312,0.517938,0.634127,32.331020
16,0.527486,0.292288,369.161385,0.472514,0.608216,50.082153
32,0.562080,0.316967,355.406323,0.437920,0.587007,77.055817
