k,train_preserved_variance,test_preserved_variance,residual_entropy,train_mse,test_mse,train_kl
1,0.328833,0.144222,401.806105,0.671167,0.735466,3.037468
2,0.383068,0.184067,401.125417,0.616932,0.701223,6.538508
4,0.427524,0.215146,395.879625,0.572477,0.674513,9.028248
8,0.480467,0.262043,385.225264,0.519533,0.634209,14.333001
16,0.520664,0.289175,375.120924,0.479336,0.610892,21.375402
32,0.522170,0.289518,374.958425,0.477830,0.610596,21.023193
